FORMULA,PROPERTY: YS (MPa)
Cr23Ni17Mo10,1.0
Co3.5Ni74.5P22,0.0
Fe70Si17.5B12.5,1.0
Ni81P19,1.0
Zr17.5Cr10Co72.5,1.0
La7Al3,1.0
Fe15P2C3,1.0
Fe71Cu15B14,0.0
La3Al8Ni9,0.0
Ce3Al14Ni3,1.0
Zr7Co91B2,1.0
Gd9Al85Ni6,1.0
Sm10Al89Ni,1.0
Ti3Ni77P20,1.0
Fe76Ni5B19,1.0
Sr6La57Cu37,1.0
Zr4Ti11Si35,1.0
Zr16TiSi3,1.0
Fe79B16P5,1.0
Zr15AlNi4,1.0
Ce2(Al5Fe)3,0.0
NdNi,0.0
Cr8Co12C5,1.0
Al3VGe,0.0
Al21(CoNi)2,0.0
Mn7Si20Pd73,1.0
Si16(Pd25Au3)3,1.0
Si2.5Ni75.5B22,0.0
Mn3Al9Si8,0.0
Fe19B5P,1.0
Zr7Al2Ni11,1.0
Zr10V0.018Fe89.982,1.0
Zr8AlNi11,1.0
Cr5(Ni4P)19,1.0
Al87.5Fe0.5Ni12,1.0
Mg23Ti20Al7,0.0
Zr13Al3Cu4,1.0
Fe40B3P7,1.0
Al43Fe2Co5,0.0
Ga10Fe73B17,1.0
CrSi5Pd19,1.0
Zr8FeCu11,1.0
Hf5Zr52Be43,1.0
Zr42.6Nb1Cu56.4,1.0
Nd3Mg11Ni6,1.0
Zr6CuNi3,1.0
Nd6Fe41B3,1.0
Zr5Ti4Cu11,1.0
La9AlNi15,1.0
Fe19WC5,0.0
Ce5(Mg4Ni)9,1.0
Zr11.4Cr11.6Co77,1.0
Ni42.5P15Pd42.5,1.0
Y2(Al5Ni)3,1.0
Mn30.4Co45.6B24,1.0
Al48CoNi,0.0
Ti7VSi2,1.0
Zr14Ni7B4,1.0
Nd3Al46Ni,0.0
Al16V3Cu,0.0
Al86Fe5Ni9,0.0
Ca7Al3,1.0
Al77V3Cu20,0.0
Cr20Fe23C7,0.0
Ni41B9,1.0
Fe63Cu20Ag17,0.0
Zr8(TiSi3)3,1.0
Si(Ni3B)6,1.0
Zr2Ni3,1.0
Ti12FeCu7,1.0
Ta4Ti13Si3,1.0
Fe78Si7.5B14.5,1.0
Hf43(Nb14Si5)3,1.0
Ti6Al9Ni5,1.0
Cr15Co26C9,1.0
Al6VGe3,1.0
Fe59Mo17C24,1.0
Nd3AlCu46,0.0
Ti16SiNi8,1.0
Ti2Cu5Ni3,0.0
TiAl9,0.0
Cr42Ni31Mo27,1.0
Si3Ni40B7,0.0
Al16Ni3Mo,1.0
Fe31W10C9,0.0
Al3Fe80P17,1.0
Fe5Ni11P4,1.0
Cr11Co9C5,1.0
Fe76(P5C3)3,1.0
Mg10Ti53Al37,1.0
Si18Ni69B13,0.0
Ti6Al3Cu,0.0
Si5B11Mo34,1.0
Mn3Fe91B6,0.0
CeMg7Cu2,1.0
LaAlCu8,0.0
Al44FeCo5,0.0
Cr19(Ni5Mo22)3,0.0
Zr3Ti5Cu12,1.0
Al89Fe5Ni6,0.0
La3Al10Ni7,0.0
Zr4Co17B4,1.0
Cr13Fe28C9,1.0
Ce5(Al4Fe)3,0.0
Nb3Fe15B2,1.0
Ti13Be5Si2,0.0
La9Al25Ni16,1.0
NdMg14Cu5,1.0
Nd4Mg11Ni5,1.0
Fe39B5Mo6,1.0
Ce2Al17Fe,1.0
Ti5CuNi4,0.0
Sr5La67.5Cu27.5,1.0
Fe40GeB9,1.0
Ti15CuNi4,1.0
Fe8SiB,1.0
Hf7CuNi2,1.0
Nd4AlCu45,0.0
Al11Cr5Si4,0.0
Ni40B3P7,1.0
Cu81.9Ag10.5P7.6,1.0
Al29Cr10Si11,0.0
Fe72Si13B15,1.0
CeAl18Ni,0.0
Al88(FeNi3)3,1.0
Al69Co6Ge25,1.0
Mn2Al89Ni9,0.0
La5Al87Ni8,1.0
Cu6.1Si15.5Pd78.4,1.0
La7Ni3,1.0
Fe87Cu5B8,0.0
CeAl15Co4,0.0
Zr6.5Cr16Co77.5,1.0
Co2(Ni11P3)7,1.0
Cu11Si19.5Pd69.5,1.0
Nd2Mg11Cu7,1.0
Fe77.5Si10B12.5,1.0
LaAl17Cu2,0.0
Si4Ni17B4,0.0
Fe15Si2B3,1.0
CaMg9,0.0
Mn7Co61B32,1.0
La3Al5Ni2,1.0
Al8(Co11B3)3,1.0
Cr11Fe29C10,0.0
ZrAl14Ni5,0.0
La13(Al27Ni2)3,1.0
Al14VCu5,0.0
HfTa4Fe5,1.0
Al34Cr5Si11,1.0
Ca7Mg3,1.0
Ni6P5Pt9,1.0
Cr11(Fe12B)3,0.0
La5Al14Ni,0.0
Ca8La59.5Cu32.5,1.0
Zr14Al5Ni,1.0
Y3Mg5Ag2,1.0
Mn19Co65B16,1.0
Nb15Fe12Co73,1.0
Ti7Ni18,0.0
Zr8(CrNi3)3,1.0
Si3Ni15B7,0.0
Cr15Fe81B4,0.0
Zr9V8Si3,1.0
Ni16BP3,1.0
Mn7.2Co64.8B28,1.0
YMg18Ag,0.0
MnAl44Co5,0.0
Fe33Mo8C9,1.0
Mn74(SiP)13,1.0
Al8Co37B5,0.0
Mg19Zn,0.0
FeAg,0.0
Fe79(SiB2)7,1.0
Ti3SiNi,0.0
Al10Cr3Si7,1.0
Zr77.5Cu15B7.5,0.0
Cu5.7Si20.5Pd73.8,1.0
Ti2(Nb5Si)3,1.0
Co17(WC)4,0.0
La(Al2Ni)3,0.0
Ti10Al9Cu,0.0
Si8Ni75B17,1.0
Ce3Al15Cu2,0.0
TiNb2Si,0.0
Fe33W8C9,0.0
Zr12Ti3Si5,1.0
Hf2Cu5Ni3,1.0
Ga4Fe79B17,1.0
Zr5Co79Mo16,1.0
Mn43Co37B20,1.0
Ca3Al2,1.0
Co82.5W7.5C10,0.0
Al12Ni25B13,1.0
Hf54V31Si15,1.0
Ti3CuNi6,0.0
Cr5Fe91B4,0.0
Fe91(CuB2)3,0.0
Co65W17.5C17.5,0.0
Mn6Al69Ge25,1.0
Fe83B2Mo15,0.0
Al10Ni29B11,1.0
Mn85(Fe2B3)3,1.0
Ti2P19Pd79,1.0
Ce6Cu69Ag25,1.0
Fe78B17C5,1.0
Ni36B13C,0.0
Co15B7C3,1.0
Fe20.5Ni60.5B19,1.0
Ni31B19,1.0
Zr13Be5Nb2,0.0
Zr5Fe44B,1.0
Hf7(Fe29B2)3,1.0
Ni30B13C7,1.0
La13(Al25Ni4)3,1.0
Al70Si17Ni13,1.0
Cr13Co28C9,1.0
Al89Co2Ni9,0.0
La10Al14Ni,1.0
La2Al5Ni3,1.0
Ce4Mg11Cu5,0.0
Hf14(NbSi)3,1.0
Zr35(SiNi4)3,1.0
Co20B4C,1.0
Zr2CuNi2,1.0
Zr66.9Co33Ni0.1,1.0
Zr7(Fe29B2)3,1.0
La3AlNi,1.0
Fe93CuB6,0.0
Zr3Ti22Si75,1.0
Al89Fe3Ni8,0.0
Y2Mg7Ni,0.0
YMg7Cu2,1.0
Al34V5Ge11,1.0
Ni41(B2C)3,0.0
Fe7SiB2,1.0
Zr7Fe93,0.0
Ti5Al3Cu2,0.0
Ti61Cu16Ni23,1.0
Hf2CuNi,1.0
Al6Fe39B5,0.0
Co33B17,1.0
Fe21Ni62B17,1.0
CeAl8Cu,1.0
Cu3Ni37P10,1.0
La4(AlNi)3,1.0
Ni38B11C,0.0
Ti3Co17B5,1.0
Zr6Cu3B,1.0
Ti4Al10Ni11,1.0
Cr14FeB5,1.0
LaMg8Cu,0.0
Fe67.5Si17.5B15,1.0
Nd4MgNi5,1.0
Ni33B9C8,1.0
Mn17.8Co71.2B11,1.0
Zr46.9Mn30Ni23.1,1.0
ZrFe17B2,1.0
Zr27.5Cu70B2.5,1.0
Nb6.9Fe80B13.1,1.0
Ti4CuNi5,0.0
Co85W7.5C7.5,0.0
Cr7Fe9B4,1.0
Ti11(V2Si)3,1.0
Fe4B,1.0
Cu3Ni81P16,0.0
La11Al8Ni,1.0
Cu3Si17Pd80,1.0
Ce2Al47Fe,0.0
Zr13Si3Mo4,1.0
Ti5Si2Ni3,1.0
Y2Mg7Ag,1.0
Si10B17Mo73,1.0
Zr5(Fe4Ni)9,1.0
Mn3Fe37B10,1.0
Fe30B19F,1.0
Mg4Al5Zn,0.0
Nd7Al85Ni8,1.0
Al17Cr2Si,0.0
Cr5Fe44B,1.0
Co80B7P13,1.0
Cu85.2Ag7.1P7.7,1.0
Mn2Co17B6,1.0
NdAl15Ni4,0.0
Cr3Fe21B,0.0
Al6Ni31B13,1.0
Zr5Al29Ni16,1.0
Fe69B16Mo15,1.0
Y2Mg13Ag5,1.0
Nd11Fe89,1.0
Fe4Cu15Ag31,0.0
Zr7CuNi2,1.0
Zr17Ti8Cu75,0.0
La7Al91Ni2,1.0
Hf2CuNi7,1.0
Co18B5C2,1.0
Zr11Ti5Si4,1.0
Ti7Al11Cu2,0.0
Zr7(Cr6Co25)3,1.0
Co11Mo9C5,1.0
Fe73(SiB8)3,0.0
Zr15Cr2Si3,1.0
Co9Si,0.0
Ce5Al7Cu38,0.0
La5Al2Ni13,0.0
Al87Fe2Co11,1.0
Y3Al14Ni3,1.0
Ni38(B3C)3,0.0
Fe89B6F5,0.0
Ti3Cu2,1.0
Mn15Co61B24,1.0
Nd2(Al15Ni)3,1.0
Y2.5Mg87.5Mn10,0.0
Nb6.8Fe76B17.2,1.0
Ti3Ni7,0.0
ZrFe18B,0.0
Zr63.65Fe5Ni31.35,1.0
Fe28B9F13,0.0
Fe75Si12B13,1.0
Al65Si17.5Ni17.5,1.0
Ti12Al5Ni8,1.0
Al68Cr15Si17,0.0
Fe21SiB3,1.0
Zr2Al17Ni6,1.0
Zr3Ni2,1.0
NdCu4,0.0
Zr11Ti22Cu17,0.0
Fe37Cu5B8,0.0
Ni19(B2C)2,1.0
Ti17Ni3,0.0
Zr9Ti3Si8,1.0
Fe77B17P6,1.0
Y6Mg15Cu4,1.0
La(Mg2Ni)3,1.0
Ti9Al,0.0
Fe78.5B20F1.5,1.0
Zr66.95V0.05Ni33,1.0
Mn12Co7B6,1.0
La3Ni2,1.0
Zr11Al57Ni32,1.0
Fe34W5C11,1.0
V5(Fe14B)3,0.0
Fe12B7F,1.0
Nd(Al8Ni)11,1.0
Zr17(Al6Ni5)3,1.0
Ti8(SiNi3)3,1.0
Fe43B3Mo4,0.0
Cr32Ni43Mo25,1.0
Al8Ni31B11,1.0
Si(Ni5B)4,0.0
La4Mg9Ni7,1.0
Nb13Co77B10,1.0
Zr15Si3Mo2,1.0
Fe79W16C5,0.0
Zr5Al4Ni,0.0
Ti(CuNi)2,0.0
Hf7Fe91B2,1.0
La3Al4Ni3,1.0
Si12.5Ni75B12.5,1.0
La14Al5Ni,1.0
Fe18W2C5,0.0
Si16.5Pd76.5Au7,1.0
Al61Cr10Ge29,1.0
Al2Co37B11,1.0
CaAl8Ni,0.0
Mg13Ti12,0.0
Hf3Cu5Ni2,1.0
Cr3NiP,1.0
Cr15Fe77B8,0.0
Al8(Ni11B3)3,1.0
La3AlCu6,0.0
Y6Mg13Cu,0.0
BMo8P,1.0
Fe41B4P5,1.0
Cr9Ni31P10,1.0
Nd4(MgNi)3,1.0
La5(Al3Ni2)3,1.0
La2AlNi7,0.0
Zr5Al86Ni9,1.0
Ti3AlCu6,1.0
Si5(Ni13B2)3,1.0
Fe12B5F3,1.0
Ga2Fe81B17,1.0
Nd(Al6Ni)7,1.0
Sm4Al21,1.0
Fe41Cu30Ag29,1.0
CeMn2Al47,0.0
Co85W2.5C12.5,0.0
Ti8AlCu11,1.0
CeCu13Ag6,0.0
Ce3Al16Co,0.0
Nd(MgCu2)3,0.0
La8Al5Cu7,1.0
Fe83B7P10,1.0
La4Mg11Ni5,1.0
Al23Fe2,0.0
Zr63.65Co5Ni31.35,1.0
Hf13Al2Cu5,1.0
Mn26.5Co45.5B28,1.0
Ni3B5C2,1.0
Zr4(AlNi)3,1.0
Zr14(MnAl)3,1.0
Hf9Cu7Ni4,1.0
Ce2(Al5Cu)3,1.0
Zr66.95Fe33Ni0.05,1.0
Cr55.93Ni28.93P15.14,1.0
Fe56Ni19B25,1.0
Ti7V2Si,0.0
Al9Cr4Si7,0.0
Ba4.5La68Cu27.5,1.0
La11Al7Ni2,1.0
Ti4Ni,0.0
Ni21B25C4,0.0
Mn3Al43Co4,0.0
La28Al55Ni17,1.0
Gd7.3Al85.4Fe7.3,1.0
Zr75Ni24P,1.0
La3Mg11Ni6,1.0
Fe7Ni76B17,1.0
CeMg17Cu2,1.0
Fe83B9Mo8,0.0
Y3Al88Ni9,1.0
Nb7Fe77B16,1.0
Y3Mg3Ni4,1.0
Fe41B9,1.0
Hf67(V6Si5)3,1.0
Zr5.2Co86.8W8,1.0
Hf61(Nb8Si5)3,1.0
Zr13Co5Pd2,1.0
La9Al16Ni25,1.0
Ni6P5Pd14,1.0
Al89FeNi10,0.0
Al4Co35B11,1.0
Ce2Al5Cu43,0.0
Si5B2Mo13,0.0
CeAl5Cu44,0.0
La11(Al2Cu)3,1.0
Ta6Ni13P,1.0
La9Al18Ni23,1.0
LaAl44Ni5,1.0
Zr9AlNi10,1.0
Mn(Al2Si)3,1.0
Fe15P3C2,1.0
Cr4Fe41B5,0.0
Fe81B12C7,1.0
Zr7Ti3Si10,1.0
Fe81B14Mo5,1.0
Si5BMo14,0.0
Zr13Al2Ni5,1.0
Zr3Ti2Si5,1.0
Ti57.5Nb25Si17.5,1.0
Zr48Al25Ni27,1.0
SiNiPd3,1.0
Tb28.3Al15Fe56.7,0.0
Gd33.3Al33.4Fe33.3,1.0
LaMg4Cu5,1.0
Ti3Si17,1.0
Zr40Al9Ni,1.0
Fe21Ni21B8,1.0
Al45Fe3Ni2,0.0
Zr3VNi6,1.0
Mn3Fe81B16,1.0
Al8Ni29B13,1.0
Co37W7C6,0.0
Cr13(Ni3Mo)3,1.0
Al4Fe39B7,1.0
Y3Mg4Ag3,1.0
Nb7.3Fe77.5B15.2,1.0
Ti2.1Ni78.8B19.1,1.0
Nd5Mg13Ni2,1.0
Nd8(Fe13B)3,0.0
Fe83Si2B15,1.0
CeCu12Ag7,1.0
Zr2.5Nb8.5Co89,1.0
Ni13(B5C)2,1.0
Zr14Al11Ni25,1.0
Zr11Cu7B2,1.0
Nd10Al79Ni11,1.0
La2Al17Cu,1.0
Zr6Ti5Si9,1.0
Fe77.5P15C7.5,1.0
Si9Ni36B5,0.0
Zr7Al6Ni7,1.0
Zr11(AlNi2)3,1.0
Al21(FeNi)2,1.0
Nd3(Al10Ni)2,1.0
Fe85B8C7,1.0
Nd4.125Fe78.375B17.5,1.0
Ti5Al2Cu3,1.0
Zr67Cu33,1.0
SiNi15B4,1.0
Sr16La47Cu37,1.0
B3Mo17,0.0
Cu2Ag2Ge,1.0
Fe77Ni5B18,1.0
Fe13Si5C2,1.0
Cr69.6Ni16.2P14.2,0.0
Si4Pd21,1.0
Al8Fe37B5,0.0
La26Al15Ni59,1.0
Al21FeNi3,0.0
Hf67(Co10P)3,1.0
Cr23Co20C7,0.0
Al12Co27B11,0.0
Zr9Al4Ni7,1.0
CeAl7Ni2,1.0
Co7Si3,0.0
Cr6Fe41B3,0.0
Nb10Ni73B17,1.0
Al4Co33B13,1.0
Zr5AlCo44,1.0
Nb76.5Si8.5Ge15,1.0
La9Al5Ni6,1.0
Nb8.9Fe79.6B11.5,1.0
Nd5Mg7Ni8,1.0
Y3Al13Ni4,1.0
Ti57Be43,0.0
Nd4Al7Cu39,0.0
Mn27Co61B12,1.0
NdMg19,0.0
Zr2Cr5Fe13,1.0
Zr16.3Co79.7Mo4,1.0
MnAl23Co,0.0
Mg6(CuAg)7,1.0
Fe41(B2P)3,1.0
Cu2Ni37P11,1.0
Fe39B2Mo9,0.0
Al18CoNi,0.0
Zr19Ti11Si70,1.0
Cu20.9Si16.5Pd62.6,1.0
Zr2(Fe5B)3,1.0
Zr47Ti8Si45,1.0
Al15Cr3Si2,0.0
Nd5Mg3Ni2,1.0
Zr60.3V10Ni29.7,1.0
Cr7Fe37B6,1.0
Zr5MnFe44,1.0
Al67(Fe7Ni4)3,0.0
Zr53.6Mn20Ni26.4,1.0
Si16.5Ni29.2Pd54.3,1.0
Ba5La53Cu42,1.0
V5Fe83B12,1.0
Nb7.8Fe78.4B13.8,1.0
V4(Fe25B7)3,1.0
Al4Cu,0.0
Fe84B5P11,0.0
Al86Co3Ni11,0.0
NbNi,1.0
Mn5Fe83B12,0.0
CeAl47V2,0.0
Cr4Fe45B,1.0
NdMg2Cu,1.0
YAl8Ni,1.0
YMg7Ni2,1.0
ZrNb79Si20,1.0
La9Al22Ni19,1.0
Ce(Al6Fe)7,0.0
Sc3Fe,1.0
Fe20Si2B3,1.0
Hf51V34Si15,1.0
CeMg14Cu5,1.0
ZrTi2Si7,1.0
Ti36.6Nb15Cu48.4,1.0
Zr17Cr2Co81,1.0
Cr13Fe32B5,1.0
Y10(Al29Ni)3,1.0
Al30Cr9Si11,0.0
NdFe9,1.0
Mg35(Zn4In)3,1.0
Ni18BC,0.0
Zr3Ni7,1.0
Mg10AlZn9,1.0
Nd15Fe82B3,1.0
Zr72.5Cu25B2.5,1.0
Zr10Cr3Ni7,1.0
Co77.5W10C12.5,0.0
GdAl7Ni2,1.0
Ce25.5Al62.5Fe12,0.0
Zr9Al9Ni2,1.0
Ce2Mg17Ni,1.0
Fe58.5Ni20B21.5,1.0
Sr14.5La53.5Cu32,1.0
Ca2.5Al92.5Fe5,0.0
Mn57Co27B16,1.0
Ba7La51.5Cu41.5,1.0
ZrCu4,0.0
Nb7Si2Mo,1.0
Si14Ni69B17,1.0
CeNbAl8,1.0
Al4Ni25B21,1.0
Sm5Al87Ni8,1.0
Hf7Fe85B8,1.0
Nd3Al41Ni6,1.0
Fe79(B6P)3,0.0
Al47FeCo2,0.0
Nd5Mg88Ni7,1.0
Ni28B19C3,1.0
Fe63B37,1.0
Ce3Mg13Cu4,1.0
LaMg7Ni2,1.0
Co67.5Si7.5B25,1.0
Hf73(Nb4Si5)3,1.0
Zr3Co44Mo3,1.0
FeB5W14,1.0
Ti42.6Nb1Cu56.4,1.0
Si11Pd39,1.0
Ni53.5B44C2.5,0.0
Al66.5Si18.5Ni15,1.0
Fe8BP,1.0
CaMg18Cu,0.0
Si9Pd37Au4,1.0
Co19(BC)3,1.0
Zr5(Fe13B2)3,1.0
LaMg15Zn4,1.0
Mn2(NbCo5)3,1.0
Zr6.5Fe92B1.5,1.0
Cu6(SiPd3)11,1.0
Ni29(B5C2)3,1.0
Hf5Cu2Ni3,1.0
Nd2Mg5Cu3,1.0
Fe71Ni25B4,0.0
Zr(CrCo2)3,1.0
CeCu11Ag8,1.0
Si16.5Pd83.5,1.0
Co80.5Si7B12.5,0.0
Co10Si16.5Pd73.5,1.0
Fe80Si3B17,1.0
Ce2Mg7Cu,0.0
Fe57Ni25B18,1.0
Nd2Mg17Cu,1.0
Zr6Cu3Ni,1.0
Fe40SiB9,1.0
Tb15Fe76.5Co8.5,1.0
Ca3Mg2,1.0
La6Al85Ni9,1.0
Zr7Fe85B8,1.0
Fe80B11C9,1.0
Fe69Si7B24,1.0
Ni36.5P27Pd36.5,1.0
Nd4Mg5Ni,0.0
Nb3VSi,1.0
Al21FeCo3,0.0
Zr10Fe89.91Ge0.09,1.0
Ga8Fe75B17,1.0
Zr15Co67Mo18,1.0
Co35(W2C3)3,1.0
NdMg3Ni,1.0
Ce5AlCu44,0.0
Hf16VSi3,1.0
Mn4Al41Ni5,0.0
Co16B7C2,1.0
Y2MgNi2,1.0
La2Mg18Zn5,1.0
Nd9Al83Ni8,1.0
Fe15B4Mo,1.0
Ce7Nb10Al83,1.0
Al8Co29B13,1.0
Cr14Fe29C7,0.0
Nd5Al41Ni4,1.0
Ce10Al83Cr7,0.0
Ca(La5Cu2)7,1.0
La5Mg11Cu4,0.0
Al43Fe3Co4,0.0
Cu5.8Si19.5Pd74.7,1.0
Al2Fe41B7,1.0
Nd2Mg7Ni,1.0
ZrTi4Si15,1.0
Co41B9,1.0
Nb80Si19Ge,1.0
Ti7Ni3,1.0
Ce2AlCu22,0.0
Zr12.2V12Co75.8,1.0
Fe39B6Mo5,1.0
Co29(Mo4C3)3,1.0
Nd3Mg2Cu5,1.0
Ca2Al17Zn,1.0
Zr13Ti4Ge3,1.0
Fe75B11P14,0.0
Zr2Co17B,1.0
Co17W5C3,0.0
Ni37B10C3,0.0
La11Al5Zn4,1.0
Ba7La65Cu28,1.0
La11Al5Fe4,1.0
Nd2Al43Ni5,1.0
Sm6Al39Ni5,1.0
Al22CoNi2,1.0
Ba9(La4Cu3)13,1.0
Mg33Ti14Al3,0.0
Co40Si3B7,1.0
La20AlNi29,1.0
Fe63Ni20B17,1.0
Sm4Al13Ni3,1.0
Y(MgCu)2,1.0
NdMg11Cu8,1.0
Al5V2Ge3,0.0
Mn18Fe5B2,0.0
Al79Si11Ni10,1.0
Fe35(Si3B2)3,1.0
La3Al44Ni3,1.0
Ce3Al15Fe2,0.0
Nd2(Al5Ni)3,1.0
Cr39Ni28Mo33,1.0
Hf64(V7Si5)3,1.0
Ni6P5Pt14,1.0
V5Fe89B6,0.0
ZrCo8Mo,1.0
Ca14(MgAl)3,1.0
Zr83Si17,1.0
Al63Fe12Si25,1.0
Y4Mg21,1.0
Zr8Al5Ni7,1.0
Si17Pd71Au12,1.0
Fe82Sn1.5B16.5,1.0
Al4Ni31B15,1.0
Fe77B19P4,0.0
Mg6Ti61Al33,1.0
Zr7Cu13,1.0
Zr3CuNi,1.0
Si16.5Pd76.8Au6.7,1.0
Zr50.25Ti25Ni24.75,1.0
Cu12Ni67P21,0.0
LaAl7Cu2,0.0
Zr11AlNi8,1.0
Mn(Al6Co)7,0.0
Zr31(Ti3Si20)3,1.0
Zr2Cu2Ni,1.0
Ce7Al93,1.0
Zr51.2Al20Ni28.8,1.0
Fe79(B3P4)3,1.0
Zr3Al13Ni4,1.0
Nb20Si4Ge,1.0
Nd7Ni3,1.0
La9Ni,0.0
Zr67Fe23.1Ni9.9,1.0
Fe79(B2Mo5)3,0.0
Co17(MoC)4,1.0
Ni2PPd2,1.0
La2Mg2Ni,0.0
Zr53.2Fe16.8B30,1.0
Zr6.5Cr8Co85.5,1.0
Ti28Nb47Si25,0.0
Co21Mo20C9,0.0
Si16.5Ag1.7Pd81.8,1.0
SmAl18Ni,1.0
Al15CrSi4,0.0
ZrFe5Co4,1.0
Fe70Si7.5B22.5,1.0
Fe44BMo5,0.0
Cu(Ni5P)4,0.0
Ti7Be3,0.0
Hf2Cu7Ni,0.0
Zr10Al0.018Fe89.982,1.0
Zr51Nb40Si9,1.0
Al47FeNi2,0.0
Fe39BMo10,0.0
Zr22Ti13Si15,1.0
Si16.5Ni20.9Pd62.6,1.0
Fe80B13P7,1.0
ZrCrFe8,1.0
NdMg7Ni2,1.0
Al10Ni33B7,0.0
Mn17Co25B8,1.0
Zr15Fe72B13,1.0
Zr15Al57Ni28,1.0
Fe71Ni15B14,1.0
AlCu,0.0
Si22.5Ni67.5C10,0.0
Al12V3Cu5,0.0
Mn4Al9Si7,1.0
Mn2Al47Co,0.0
Hf34.4Nb20Cu45.6,1.0
Y2.5Mg91.5Mn6,1.0
Fe2Ni2B,1.0
CeAl17Co2,1.0
Mg30Ti43Al27,0.0
Zr12Al5Ni3,1.0
NdFe3,1.0
Fe84SiB15,1.0
Mg70Cu29Au,1.0
Fe37SiB12,0.0
Y57Al5Cu38,1.0
Zr87Si13,1.0
La6Al3Cu,1.0
La36Al53Ni11,1.0
Hf58(V9Si5)3,1.0
Zr4AlNi5,1.0
Zr21Cu28P,1.0
Co9Ni72P19,1.0
Al17Ni2Mo,1.0
Nd(AlCu11)2,0.0
CeCu5Ag4,1.0
Zr62.5Be35Nb2.5,1.0
Cr4Fe13B3,1.0
Cr27Ni15Mo8,1.0
Ni37B6P7,1.0
Nb5.5Fe81.5B13,0.0
Ni19B29C2,0.0
CeAl18Co,1.0
Fe81.5Si12.5B6,0.0
La8Al5Ni7,1.0
Al2Fe5B3,1.0
Co3B,1.0
Ti21Al15Ni14,1.0
Fe39Si2B9,1.0
Al81Cr19,0.0
Nd3Mg16Cu,0.0
La7AlNi2,1.0
Ta8(Ti3Si)3,1.0
Zr7Al5Ni8,1.0
Ca12Mg7Ga,1.0
Zr57Ti8Si35,1.0
Fe81B16C3,1.0
Ni17Mo5C3,1.0
Fe35(B2Mo3)3,1.0
Fe81B10C9,1.0
Ti42(AlNi)29,1.0
Mn3Al45Co2,0.0
Al12Cr3Si5,1.0
SiNi9,0.0
Fe77Cu15B8,0.0
Si16.5Ni12.5Pd71,1.0
Ti4Be,0.0
Fe21BP3,0.0
Ti9Al4Cu7,1.0
La16Al67Ni17,1.0
V5Co17B3,1.0
Hf3Ta2Fe5,1.0
GdAl9,1.0
Nd5Al43Ni2,1.0
Al2(Ni9B7)3,1.0
Ti4Cu,0.0
Co27Mo14C9,1.0
Si2Ni7C,0.0
Zr2Co17Mo,1.0
Nd3Mg15Ni2,1.0
NdAl9,1.0
Fe13B4F3,1.0
Hf67(Co8Si3)3,1.0
Mn37(Co13B8)3,1.0
YMg59Cu40,1.0
La9(Mg5Ni3)2,1.0
Hf76(V3Si5)3,1.0
Al22Co3,0.0
La11Cu44.5Au44.5,1.0
VFe8B,0.0
Zr10Al0.09Fe89.91,1.0
HfCuNi3,1.0
Y2Mg13Ni5,1.0
Co1.7Si16.5Pd81.8,1.0
Zr59Cu40B,1.0
Co17SiB2,0.0
Fe70Si13B17,1.0
Zr5Co44Ni,1.0
MnGe9Pd40,1.0
Fe91B4Mo5,0.0
Ti15(Nb4Si)7,1.0
Zr10Fe89.964Ge0.036,1.0
Fe31W8C11,0.0
Co17(B3C)2,1.0
Y3Mg4Ni3,1.0
Ti4Cu5Ni,1.0
Zr5Fe86B9,1.0
Y2.5Mg93.5Mn4,0.0
Cr5Fe81B14,1.0
Nd3Al13Ni4,1.0
Y(Mg28Cu5)3,0.0
Cu83.5Ag8.9P7.6,1.0
Zr10Cr17.1Co72.9,1.0
Co10Ni71P19,0.0
Mg3Ti7Al10,1.0
Gd3Al13Ni4,1.0
ZrCo8W,1.0
Ti40Nb47Si13,0.0
Al6Co39B5,0.0
CeAl44Cu5,0.0
Zr9Al6Ni5,1.0
CrSi10Pd39,1.0
La24Al59Ni17,1.0
Fe79(B5P2)3,1.0
Zr5V3Ni2,1.0
Cr2.5Fe80.5B17,1.0
Al57Co18Ge25,1.0
Zr45Co54Pd,1.0
Ni23B23C4,0.0
Zr56.95Co15Ni28.05,1.0
Cr3Ge18Pd79,1.0
Zr10V0.054Fe89.946,1.0
Al49Co,0.0
Nd7Mg9Cu4,1.0
Fe13B7,1.0
La41AlNi8,1.0
Fe13Si4C3,1.0
Y2MgCu2,0.0
Nb19(Si2Ge)2,1.0
Nd5(AlCu14)3,1.0
NdMg15Ni4,1.0
Fe73Si9.5B17.5,1.0
Ho(Fe5B)4,1.0
Fe89Ni3B8,0.0
Al13Cr4Si3,0.0
Fe46.2Ni30.8B23,1.0
CeAl47Fe2,0.0
Co13SiB6,1.0
Zr3Cr5Co42,1.0
Al9Cr3Si8,0.0
Hf10V7Si3,1.0
Y51Al15Cu34,1.0
Ti3Al7,0.0
Ti9Nb8Si3,1.0
Mn15Fe71B14,1.0
Zr16(AlNi)17,1.0
LaAlCu3,0.0
Hf12.2Fe51.5O36.3,0.0
Al2Ni5B3,1.0
Co10Ni73P17,0.0
Mn15Fe77B8,0.0
Ce2Al17Co,1.0
Zr5Cr2Fe43,1.0
Al9Cr,0.0
Fe41(SiB2)3,1.0
Si10Ge7Pd83,1.0
La4Ni,1.0
TiCo19B5,1.0
Cr3Co5B2,1.0
Al10Fe33B7,1.0
Al18FeNi,0.0
Ti11(Nb2Si)3,1.0
Al43Fe5Co2,0.0
La7.5Al85Mo7.5,1.0
Ce3AlCu46,0.0
Co7Si2B,0.0
Al47Co3,0.0
La6Mg11Cu3,0.0
Cr7Fe35B8,1.0
Er67.5B10Au22.5,1.0
Co65Si22.5C12.5,1.0
Mn49(Co9B8)3,1.0
Fe23Ni59B18,1.0
Cu15Si16Pd69,1.0
Hf38Nb5Cu57,1.0
Gd3Zr5Fe42,0.0
Fe6B9Mo85,1.0
CuNi83P16,0.0
Zr65Co34Pd,1.0
Zr10Ni73B17,1.0
Ce3Cu87Ag10,0.0
Al91(Fe2Ni)3,0.0
La6Al3Ni11,1.0
Nd10Fe82.5B7.5,1.0
Hf48Nb37Si15,1.0
Fe70Si12.5B17.5,1.0
Mg23(AlGa2)9,1.0
La49AlNi50,1.0
La5Al2Ni3,1.0
Ce3Mg12Cu5,0.0
Cr5Fe38B7,1.0
Al52Fe23Ge25,1.0
Co14Mo6C5,1.0
Al14Ni25B11,0.0
Gd14Si11,1.0
Fe39Ni39B22,1.0
Ti9Al9Cu2,0.0
Fe83B8P9,1.0
Al43Fe4Co3,0.0
Co15Si4C,0.0
Zr21(AlNi)2,1.0
La13Al4Ni3,1.0
Cr5(Fe4B)9,1.0
La4Mg11Cu5,1.0
PrZr5Fe44,0.0
Fe9Ag11,0.0
Nd2Al21Ni2,1.0
Zr6AlNi13,1.0
CrFe19P5,1.0
Nd2(Mg5Cu)3,1.0
Ce8Nb5Al87,1.0
Ce5Al87Ni8,1.0
Si18Ni16.4Pd65.6,1.0
Zr5Fe34B11,1.0
Y2(Mg5Ni)3,1.0
Fe67(Cu5B6)3,0.0
La2Mg37Zn11,1.0
Al63Si6Mo31,1.0
Mn16(Co2B)3,1.0
SiBMo3,0.0
ZrCu,1.0
Ti15Si2Ni3,1.0
Mg14AlZn5,1.0
Fe13Cu47Ag40,0.0
La2(CuAu)9,1.0
Zr5CrFe44,1.0
Tb33.3Fe66.7,0.0
Ce10(Al29Cr)3,1.0
La3Mg14Ni3,1.0
Nd20.625Fe61.875B17.5,1.0
Zr5.5Fe80B14.5,1.0
Nd11.8Fe82.1B6.1,1.0
Zr66.9Mn33Ni0.1,1.0
Zr5Ti2Si43,0.0
Co77W5C18,0.0
YMg18Ni,0.0
Hf5Cu3Ni2,1.0
Mg9Ni,1.0
LaMg3Ni,1.0
La37(Al19Ni2)3,1.0
La3Al3Cu4,1.0
Ni73B22C5,0.0
Al45Fe4Ni,0.0
Al13Fe4Cu3,1.0
Si20Pd73Au7,1.0
Zr56.95Cr15Ni28.05,1.0
Ti42NbCu57,1.0
Co77.5Si15B7.5,1.0
Zr14(AlFe)3,1.0
Cr9Fe36B5,0.0
Ti3Si4Ni3,0.0
LaMg8Ni,1.0
Ti9Cu,0.0
Mn17.4Al74.6Si8,0.0
Co89B11,1.0
Hf82(NbSi5)3,1.0
La15Al4Ni,1.0
Ta5(NbNi4)3,1.0
Zr5AlNi44,1.0
Zr69Cu30B,1.0
Mn5Fe81B14,1.0
Zr85(Si2Sn3)3,1.0
Nb15VSi4,1.0
LaAl4Ni5,0.0
Zr11Be7Nb2,1.0
Zr3AlNi,1.0
Fe20Ge2B3,1.0
Si17.6Pd82.4,1.0
ZrTi5Be4,1.0
La8(Al9Ni5)3,1.0
Fe18B5W2,1.0
Fe20B2Mo3,0.0
Cr5(Fe4B)4,1.0
Fe17B2Mo,0.0
Si16.5Ni15Pd68.5,1.0
ZrCr2Co7,1.0
Zr5Ni78B17,1.0
Si3Pd17,1.0
Al4Ni27B19,1.0
Al8(Fe5B)7,1.0
Ni53B41C6,0.0
Hf52(Nb11Si5)3,1.0
Ba2(La9Cu7)3,1.0
Zr10Ti7Si3,1.0
Ca1.25Al88.75Ni10,0.0
CeMg9,0.0
Si3GePd21,1.0
Fe10B19N21,1.0
Al11V4Ge5,0.0
U20.6Si20.6Pd58.8,1.0
Zr6.5V14Co79.5,1.0
Ti32Al59Ni9,1.0
Nd2Al20Ni3,1.0
Ti6AlCu3,1.0
Fe41Ni5B4,0.0
Cu2Ni18P5,1.0
Ti13Si3Ni4,1.0
Zr13Ta4Ge3,1.0
Zr66.95Co33Ni0.05,1.0
La73Cu27,1.0
ZrVCo8,1.0
La11AlNi8,1.0
Hf7.6Zr68.4Fe24,1.0
Ti4(CuNi)3,1.0
Cr3Ni77P20,1.0
LaNi,0.0
Zr5Al87.5Ni7.5,0.0
Zr9(Co11W2)7,1.0
Mn3Al47,0.0
Al45Co4Ni,0.0
Al7Cu3,0.0
Si9Pd8Au33,1.0
Ti10Si3Ni7,1.0
Al87Fe6Ni7,0.0
Ti39Si11,1.0
Hf7(Fe27B4)3,1.0
Hf52(V11Si5)3,1.0
Y8Al87Ni5,1.0
Zr13Be6Nb,1.0
La9Al7Ni4,1.0
Ti4Co16B5,1.0
Zr6Al5Ni9,1.0
V5Fe38B7,1.0
Ce4Mg13Cu3,0.0
Cr7(Ge6Pd25)3,1.0
MnFe89B10,0.0
YMg13Ni6,1.0
Al14Cr5Si,0.0
Fe77B8Mo15,0.0
Fe81B6P13,1.0
Zr17Al59Ni24,1.0
Ta12Ni71B17,1.0
V25Co63.75B11.25,1.0
Mg9Al4Ag7,1.0
Zr3Cu7,1.0
VFe17B2,0.0
Fe79(Cu5B2)3,0.0
Y3Al12Ni5,1.0
Hf79(Nb2Si5)3,1.0
ZrAl7Ni2,1.0
Cr3Ni13P4,1.0
CeAl17Ni2,1.0
Nd15Fe77.5B7.5,1.0
Ti3Al2,0.0
Zr11Cu5Ni4,1.0
Fe18Ni53B29,1.0
Zr13V2Ni5,1.0
Ca7.5Mg87.5Zn5,0.0
Fe74.8Si13B12.2,1.0
La8Mg7Cu5,1.0
Mn11Co11B3,1.0
Zr3Ti4Si13,1.0
Ni33Mo10C7,1.0
CeNb2Al17,0.0
Co15SiB4,1.0
Si2(Ni5B)3,1.0
TiAlCu3,1.0
La2Al3Ni5,1.0
V5Fe91B4,0.0
Cr5Ge18Pd77,1.0
Al46FeNi3,0.0
Ti2Cu2Ni,1.0
Cr2(Ge3Pd13)3,1.0
Ce23Al60Fe17,0.0
Mn17.6Co70.4B12,1.0
Al13Cr4Ge3,0.0
ZrCu3,0.0
Ni29B55C16,1.0
Gd3Al47,0.0
Zr24Cu75B,0.0
Cr11(Co10C3)3,0.0
Ce8Cu37Ag55,1.0
Ti10CuNi9,0.0
Ce4Al41Ni5,1.0
Zr60.3Mn10Ni29.7,1.0
Zr3Cu2,1.0
Fe3Cu7,0.0
LaAl37Ni12,1.0
Co18B6C,1.0
Al2(Co11B5)3,1.0
Hf69V16Si15,1.0
Zr13Al5Ni2,1.0
Co14Ni69P17,0.0
Fe14(SiB)3,1.0
Zr36Ti9Si55,1.0
YMg16Ag3,1.0
Mg9Mn,0.0
Fe67(Ni5B6)3,1.0
Mn5Co17B3,1.0
GdAl18Ni,1.0
Al6NiGe3,1.0
Ti10Cu3Ni7,0.0
La2Al16Ni7,1.0
Mg3Ti20Al77,0.0
Al78Fe7Cu15,0.0
Ni75P18W7,1.0
Ti2AlNi,1.0
Co14(WC)3,1.0
Nd3Fe17,1.0
La11(Al2Ni)3,1.0
La3Mg5Cu2,1.0
Nb12Fe83B5,0.0
Zr56.95Fe15Ni28.05,1.0
CeAl17Cu2,1.0
Al65Si19Ni16,1.0
Al43Fe5Ni2,0.0
LaAl38Ni11,1.0
Si16.5Pd79.5Au4,1.0
Fe80B9P11,1.0
Ca7Mg2Cu,1.0
MnAl46Ni3,0.0
Cr6.6Fe79B14.4,1.0
Ni81.5B17P1.5,1.0
Mg4Ni,1.0
Ce3Mg15Cu2,0.0
Mn3CoB,1.0
Mn(Al29Ni4)3,1.0
Hf2Ta7Fe16,1.0
Y2Al17Ni,1.0
Co18B7,1.0
Al90FeNi9,0.0
Ni7B3,1.0
NdAl45Ni4,1.0
Fe38(Mo3C)3,1.0
Fe75Si13B12,1.0
Zr13Nb4Si3,1.0
Fe17B3Mo5,1.0
Cr7Ni73P20,1.0
CrNi15P4,1.0
Mn3Al42Ni5,0.0
Fe77B15P8,1.0
Fe80Si9P11,1.0
Mn38.5Co41.5B20,1.0
Cu82.5Ag10.5P7,1.0
GdAl,1.0
Fe16Si3B,1.0
Zr3AlNi6,1.0
Ni81.5B16.7P1.8,1.0
YAl17Ni2,1.0
TiAl4Ni5,0.0
Y7.5Mg86.5Mn6,1.0
Fe78B9P13,1.0
Mg6AlZn3,0.0
Fe38(CuAg)31,1.0
La6Mg9Cu5,1.0
Cr22Ni17Mo61,0.0
Fe39Cu5B6,0.0
Ni37B59C4,1.0
Zr14(Al5Ni7)3,1.0
Al15Cr4Si,0.0
Nd6Mg9Ni5,1.0
Tb32.5Al2.5Fe65,1.0
Zr4Al5Ni,0.0
Fe20SiP4,1.0
Cu3Ni17P5,1.0
Co13W4C3,0.0
Ti45Al36Ni19,1.0
La3Al7,0.0
Ni81.5B12P6.5,1.0
Al4Co31B15,1.0
Zr15V14Co71,1.0
Si5Pd19Au,1.0
Zr6V5Ni9,1.0
Tb32.5Fe65Si2.5,1.0
Zr12Fe85B3,1.0
Ti16NbSi3,1.0
Co67.5Si22.5C10,1.0
Fe3Co5B2,1.0
Ti7Nb10Si3,1.0
Tb67.5Al22.5B10,1.0
Fe31Ni10B9,1.0
Co36Mo5C9,1.0
Si16.5Pd76Au7.5,1.0
Mn49(Co13B4)3,1.0
Zr15Ti3Si2,1.0
Al89Fe6Ni5,0.0
Fe33Ag67,0.0
Zr6Fe39B5,1.0
Fe33Ni5B12,1.0
Nd2Mg3Ni5,0.0
Zr12Cu7B,1.0
Mg70(Cu7Au3)3,1.0
Co7SiB2,1.0
Zr57.6Al10Ni32.4,1.0
Co2Ni81P17,0.0
Zr4(Co6Mo)3,1.0
Nb6Fe39B5,1.0
Ce3Al42Ni5,1.0
Ti9Al3Cu8,1.0
Ca2La60.5Cu37.5,1.0
Y12.5Mg77.5Mn10,0.0
Al8Co25B17,1.0
Fe93B2Mo5,0.0
Mn17Fe5B3,0.0
Ti9V8Si3,1.0
Fe37B10Mo3,1.0
CeAl8Ni,1.0
Mg3Zn,1.0
Co80W7.5C12.5,0.0
Ni3PPd,1.0
La8Al11Ni,1.0
Mg16AlZn3,0.0
Fe82(SiB5)3,1.0
Ce2Al43Ni5,1.0
MnAl49,0.0
Cr10Fe39B,0.0
Nb7Fe85B8,1.0
Zr7Ti2Si,1.0
Ce3Cu77Ag20,0.0
Ti4Si,1.0
ZrCo8B,1.0
Zr39Ti11,1.0
Ti13Al2Cu5,1.0
Gd3Al16Ni,0.0
Zr17(SiNi3)2,1.0
Fe65B17.5F17.5,1.0
Al15V2Ge3,0.0
Zr7Co89Mo4,1.0
Ti5Co17B3,1.0
Si9.45Ge13.66Au76.89,1.0
Si18Ni49.2Pd32.8,1.0
Fe21Cu15Ag14,1.0
Nb19Si5Ge,1.0
Fe79(Ni5B2)3,0.0
Hf32.3Nb25Cu42.7,1.0
La9Al14Ni27,1.0
Co72.5Si12.5B15,1.0
Co7Ni71P22,0.0
Nb11.5Ni71.5B17,1.0
Co13Si4B3,0.0
Mg3AlZn,0.0
Mn49Co35B16,1.0
Al2(Co13B3)3,1.0
Zr13Be7,1.0
Ti42Al51Ni7,1.0
Mn4Al43Ni3,0.0
Cr56Ni39Mo5,1.0
Ce3Al14Fe3,0.0
Ce10Mn7Al83,0.0
CaAl18Ni,0.0
SmAl8Ni,1.0
Al13V2Ge5,1.0
V5Fe79B16,1.0
Zr12Cr3Ni5,1.0
CeAl47Cr2,0.0
Sr9La62.5Cu28.5,1.0
Hf54Nb31Si15,1.0
Fe33W10C7,0.0
Al44Cr5Si,0.0
La9Al,0.0
Zr5Fe88B7,0.0
Nd3Mg10Cu7,1.0
CeMnAl8,0.0
Si16.5Ni40Pd43.5,1.0
Ce3Al14Cu3,0.0
CuSi2Pd7,1.0
Zr2Al21Ni2,1.0
Nb7.5Fe83B9.5,0.0
Si16.5Ni43.4Pd40.1,1.0
Mn4Fe16B5,1.0
Hf84NbSi15,1.0
Ce3Cu37Ag10,1.0
Fe80B9C11,1.0
Ti28(Nb5Cu19)3,1.0
Fe57Cu6Ag37,0.0
Al23Cr2,0.0
La6Mg9Ni5,1.0
Mo16P5Ru4,1.0
Zr3Fe22,1.0
V7Fe79B14,1.0
LaZr5Fe44,1.0
Sr4La59Cu37,1.0
La2AlCu2,1.0
Zr9.2Cr9.6Co81.2,1.0
Fe95CuB4,0.0
Ni21B4,0.0
Al2Co35B13,1.0
Mn9Fe31B10,1.0
Ni37.5P25Pd37.5,1.0
La3Ni7,0.0
Nb17Si3,1.0
Nb9Si4Mo7,0.0
Zr35Fe14Rh,1.0
Ca5Mg3Cu2,1.0
Al14CrSi5,0.0
Zr10(FeNi9)9,1.0
Hf83V2Si15,1.0
Zr15V2Si3,1.0
Fe5Cu16Ag29,0.0
Si(BMo2)3,0.0
Cr5Fe43B2,1.0
Al23FeCo,0.0
La10Al7Ni3,1.0
Ni33B55C12,1.0
Mn8Co12B5,1.0
Mg5Al74Pd21,0.0
Cr5Fe41B4,1.0
Ce10Nb13Al77,0.0
FeNi3P,1.0
Ta(NbNi2)3,1.0
Co16B5C4,1.0
Ti33Nb10Cu57,1.0
Sm7Al43,1.0
Fe37W4C9,0.0
Ti5Al7Cu8,0.0
Fe15SiB4,1.0
Ce8Mn5Al87,0.0
Y13Al82Ni5,1.0
Nb39Si7Ge4,1.0
Ce5Al4Cu41,1.0
Ce2Al83Cu15,0.0
Zr10.4Cr10.6Co79,1.0
Fe79(W2C)7,0.0
Fe7Ni9P4,1.0
Fe21BMo3,0.0
TiNb16Si3,1.0
Ti2Al3,0.0
Al6Ni29B15,1.0
Si2(Ni5C)3,0.0
Al5VGe4,0.0
Zr13Ta4Si3,1.0
Cu7Ni34P9,0.0
Zr6.5V10Co83.5,1.0
Gd2Al23,1.0
Si22.5Ni65C12.5,1.0
Fe80Si12.5B7.5,1.0
Zr60.3Fe10Ni29.7,1.0
ZrFe2Co7,1.0
Fe81Cu3B16,0.0
Ti8AlCu,0.0
Zr7.5V20Co72.5,1.0
Al67V13Cu20,1.0
Fe19BMo5,0.0
La21Al28Ni,1.0
Al69Fe13Cu18,0.0
Al15Cr2Si3,0.0
Ti12SiNi7,1.0
CeAl18Fe,1.0
TiAl12Cu7,0.0
Fe48Ni35B17,1.0
Fe41SiB8,1.0
Al2VGe,0.0
CeAl8Fe,1.0
Fe39Ni42B19,1.0
MnAl47Co2,0.0
Y2Mg17Ag,0.0
Fe78.5Si9B12.5,1.0
NdAl18Ni,1.0
Al87Co2Ni11,1.0
Fe40B9Pd,1.0
Co15W2C3,0.0
Zr6.5V12Co81.5,1.0
Ni21B23C6,1.0
Ni2PPt2,1.0
Al87Co4Ni9,0.0
Ti15V2Si3,1.0
CrSi4Pd15,1.0
Fe19Ni21B10,1.0
Zr46.9Fe30Ni23.1,1.0
Zr3Fe78B19,1.0
V15Co72.25B12.75,1.0
Ti3Si,0.0
TiNi15P4,1.0
Co14Ni67P19,0.0
Hf6CuNi3,1.0
Cr4P,0.0
Al43CoNi6,0.0
Zr23Ti5Cu22,1.0
Co29(W4C3)3,0.0
Mn15Fe73B12,0.0
Al13Cr5Si2,0.0
Cr87P13,0.0
Cr15Co24C11,0.0
Ni27B17C6,1.0
Mn5(Fe14B)3,0.0
Zr11Fe89,1.0
ZrTi9,0.0
Co7Ni73.5P19.5,1.0
Hf2Ni3,1.0
Si8(Ni5B)7,1.0
Hf4TaFe5,1.0
Al62Ni13Ge25,1.0
Zr63Al27Ni10,1.0
MnFe8B,0.0
TiAl11Cu8,1.0
Mn30.5Co45.5B24,1.0
Fe64B29N7,1.0
Zr13Cu6B,1.0
Fe41Ni42B17,1.0
Zr41Al7Ni2,1.0
Ni31Mo12C7,1.0
La7Al6Ni7,1.0
Fe39Ag61,0.0
TiCu7Ni2,0.0
Hf8(Zr3Si)3,1.0
Nd3MgNi6,0.0
Si15(Ni4B)17,1.0
Fe35W8C7,0.0
La3Al4Cu3,0.0
Zr3Ti4Cu13,1.0
Al4Ni37B9,1.0
Ca4La58.5Cu37.5,1.0
Fe91NiB8,0.0
Al2(Ni13B3)3,1.0
Mg2AlZn2,0.0
CeAl44Ni5,1.0
Fe6.7Si16.5Pd76.8,1.0
La16Al3Ni,1.0
Fe79B10F11,1.0
Nd5Mg83Ni12,1.0
Ti30.1Nb30Cu39.9,1.0
Fe65Si22.5C12.5,1.0
Cr30Ni51P19,1.0
Ti11Al2Cu7,1.0
Hf30.1Nb30Cu39.9,1.0
Y3Mg16Ag,1.0
Fe15Si3B2,1.0
Al86.7Fe1Ni12.3,1.0
La7AlCu2,0.0
La24Al17Ni59,1.0
Ti5Al41Ni54,0.0
YAl18Ni,1.0
Co34Mo5C11,1.0
Fe6Co85B9,1.0
Al11(CrSi2)3,1.0
Al47Ni3,0.0
Ce4Al15Fe,0.0
Al46FeCo3,0.0
Yb18Cu7,1.0
Ni20P19Pd61,1.0
Fe78.5P15C6.5,1.0
Mg31(Ti18Al5)3,0.0
Ti9Al11,0.0
Ce25Al62.5Fe12.5,0.0
NdAl24,0.0
Mn9Co35B6,1.0
Mg51Ti40Al9,0.0
CeCu7Ag12,0.0
V5Fe81B14,1.0
Co77.5Si10B12.5,1.0
Ti13Si2Ni5,1.0
Mg83Ti17,0.0
Fe20B3P2,1.0
Si3Ni15B2,1.0
Zr23V30Ni47,1.0
La4Mg13Ni3,1.0
Fe80P12.5C7.5,1.0
La3Zr5Fe42,1.0
La5(Mg3Ni2)3,1.0
Ca6MgGa3,1.0
Fe77Si11B12,1.0
Zr2Fe22B,1.0
Zr10Cr17Fe73,1.0
Al46Fe3Ni,0.0
Zr38.7Nb10Cu51.3,1.0
Fe33Cu10B7,0.0
Fe81Ni5B14,1.0
Fe81B10P9,1.0
Mn2Al87Ni11,1.0
LaAl18Ni,0.0
Co95W2.5C2.5,0.0
Fe77.5B20W2.5,1.0
CeAl9,1.0
Ti67.5Nb15Si17.5,1.0
Nd3Fe14B3,1.0
Fe15CoB4,1.0
Fe2Co2B,1.0
Al46Co3Ni,0.0
Fe5Co3B2,1.0
Mn6Co14B5,1.0
Mn13.4Co53.6B33,1.0
Zr7Ti3Cu10,1.0
Zr66.95Ti0.05Ni33,1.0
Hf40.9Nb5Cu54.1,1.0
Zr19Fe6,1.0
Al44Fe5Co,0.0
Zr44Ti17Cu39,1.0
Nd4Fe77B19,1.0
Fe21Ni62.5B16.5,1.0
Zr7Nb10Si3,1.0
Ti7CuNi2,1.0
Co9Ni74P17,0.0
Fe85Si2B13,0.0
Co17Mo3C5,1.0
Hf2Cu3,1.0
Si16.5Ag4Pd79.5,1.0
MnFe7B2,1.0
Ce11Al5Ni4,1.0
Si16.5Pd79.3Au4.2,1.0
Nb7.7Fe78.1B14.2,1.0
Zr10Al3Ni7,1.0
Zr12Cr12.6Co75.4,1.0
Al2Co7B,0.0
Fe81.5P15C3.5,1.0
Hf72Nb13Si15,1.0
Cr2Fe18B5,1.0
Hf11(Cu2Ni)3,1.0
Nb6Fe41B3,1.0
Ti4Co37B9,1.0
Ba3La57Cu40,1.0
Sr8.5La63.5Cu28,1.0
Zr71Ti9Si20,1.0
Zr3Al14Ni3,0.0
Ce2Al2Cu21,1.0
Mg12Ti7Al,0.0
B8Mo55.5Ru36.5,1.0
La13Al2Ni5,1.0
Zr9Al3Ni8,1.0
Ca7.5Al87.5Fe5,1.0
Mg13(Ti18Al11)3,1.0
Fe75Si4B21,1.0
Zr11.2Co82.2W6.6,1.0
Zr17.5Cr8Co74.5,1.0
La(AlNi2)3,0.0
Mg5Al4Zn,0.0
Cr3Ni5B2,1.0
Hf6Cu3Ni,1.0
BMo3,0.0
Zr10AlNi9,1.0
Si15Ni72B13,1.0
Y15Mg48Cu37,1.0
Fe37(Cu2Ag)21,0.0
Ni55B42.5C2.5,0.0
Ti5Al54Ni41,0.0
Zr5(Fe14B)3,1.0
Mn5Fe37B8,1.0
Cr8Fe41B,0.0
Zr5Co77Mo18,1.0
Co67.5Si17.5C15,1.0
Nd3Al47,0.0
Si17B12Mo71,1.0
Si2Ni16B7,0.0
Fe19B5Mo,1.0
Al44(FeNi)3,0.0
Ti7Co2B,1.0
Zr39Cu60B,1.0
YMg8Ag,1.0
Si11Ni78B11,1.0
Zr10Ti4Cu11,1.0
Zr29Cu70B,1.0
Cu4Ni35P11,1.0
La4Mg5Cu,0.0
Nb7.1Fe82.3B10.6,0.0
La3Al5Cu2,0.0
Zr17AlNi2,1.0
CrSi20Pd79,1.0
Ti2Co18B5,1.0
Zr33Nb10Cu57,1.0
MnFe85B14,1.0
Ni39B11,0.0
Nd3Al44Ni3,1.0
Sb19.3Pb27.5Au53.2,1.0
Al86Co5Ni9,0.0
Gd8.4Co75.6Mo16,1.0
Cr2Fe21B2,1.0
Mg3Zn2,1.0
Nd2Mg13Ni5,1.0
Y7.5Mg88.5Mn4,1.0
Hf2(Zr5Si)3,1.0
Nb15Fe42.5Co42.5,1.0
Zr9Al31Ni10,1.0
Al44(FeCo)3,0.0
Zr5Co43B2,1.0
Al22Co2Ni,0.0
Al43Co7,0.0
Nd5Al87Ni8,1.0
Zr2Al2Ni,0.0
Fe38(BMo3)3,0.0
Cu7Ni33P10,0.0
Mn(Al7Co)3,0.0
Fe79B8P13,1.0
Zr15V2Ge3,1.0
Zr7Ni13,1.0
La3Mg14Cu3,0.0
Ni20B4C,1.0
Ni69Mo12P19,1.0
Nd4Al43Ni3,1.0
BaLa61Cu38,1.0
Sr7La56Cu37,1.0
Ti19Si,0.0
Sm9Al41,0.0
Fe39Ni10B,0.0
Al6CrGe3,1.0
Ca4La67Cu29,1.0
Al3Cu2,0.0
FeNi79P20,1.0
Ni5(PPd4)19,1.0
Ti12V5Si3,1.0
Co77.5W7.5C15,0.0
Cr5Ni11B4,1.0
Sm3Al22,1.0
Cr20(Co7C3)3,1.0
Al21Co5Ge24,1.0
Zr38V25Ni37,1.0
Mn27Co17B6,1.0
Zr11Nb8Si,0.0
Gd11Al9,1.0
La15Al3Ni32,1.0
Ni42B7C,0.0
Zr2V2Co21,1.0
Ni38B5P7,1.0
Fe82Si5B13,1.0
Ti11(Be2Si)3,0.0
Ni8P5Pd12,1.0
Fe41(W2C)3,0.0
Al32Ni5Ge13,1.0
La13Al5Ni2,1.0
Zr3Be2,1.0
Fe37B4Mo9,0.0
Zr5Cu2Ni3,1.0
Mg17AlZn2,0.0
CeAl15Cu4,0.0
SiB4Mo15,1.0
Fe21B4,1.0
NdMg8Ni,1.0
Mn21Co21B8,1.0
Ti7Al2Cu,0.0
Hf(CuNi)2,1.0
Zr7.2Cr20Co72.8,1.0
Mg27Ti45Al28,1.0
La(AlNi)2,1.0
Al12Cr5Si3,0.0
Cr6Co14C5,0.0
Co31B18C,1.0
Ti3Ni2,1.0
Ni19B6,0.0
CeAl89Fe10,0.0
Sm7Al83Ni10,1.0
Al6Co41B3,0.0
Si16.5Ag6.7Pd76.8,1.0
Hf11Cu4Ni5,1.0
Zr15Cu4Ni,0.0
Nb15Fe72.5Co12.5,1.0
Zr56.95V15Ni28.05,1.0
Ni16B5C4,1.0
Nd6Fe75.5B18.5,1.0
Ca2Al17Fe,1.0
Fe12Ag13,0.0
Si2(Ni11B5)3,0.0
Al45Fe2Co3,0.0
Fe15P4C,1.0
Cr24Fe56.5P19.5,1.0
Nd3Fe82B15,1.0
Co16Mo4C5,1.0
Ce6Al87Ni7,1.0
Nd4Al13Ni3,0.0
Al6Co31B13,1.0
NdMg5Ni4,0.0
Cr5(Fe4B)3,1.0
Ti8SiNi11,1.0
La2Al17Ni,1.0
Fe2Cu83Ag15,0.0
Cr(Ge2Pd9)9,1.0
Co14Si5C,0.0
Nd5(Mg3Cu2)3,1.0
NdAl46Ni3,0.0
Mg8AlZn,0.0
Fe30.5Ni50.5B19,1.0
Al45Fe4Si,0.0
Cu4Si16.5Pd79.5,1.0
Cr18Fe23C9,1.0
Nd2Cu3,0.0
Ti6Co35B9,1.0
Ce4NbAl45,1.0
Fe91CuB8,0.0
Si18Ag5Pd77,1.0
Ni66.5B17Mo16.5,1.0
Ce10Al89Ni,1.0
Nb9.6Fe77B13.4,1.0
Fe29Cu8Ag63,0.0
Ti4(AlCu)3,0.0
Ce5(Al2Cu13)3,0.0
Al43Fe3Ni4,0.0
Ti15Si4Ni,0.0
La9Al15Ni26,1.0
Mn2(Al15Ni)3,0.0
Zr12Be7Nb,1.0
Al61(Cr7Si6)3,0.0
NdMg5Cu4,1.0
Zr7Al5Ni13,1.0
Cr5Co3B2,1.0
Zr21Al17Ni12,1.0
Al91CoNi8,0.0
Al65(Fe3Ni2)7,0.0
Co7B3,1.0
Ca7MgCu2,1.0
Fe33W6C11,1.0
Co62.5Si17.5B20,0.0
Cr4Fe43B3,1.0
Al43FeNi6,1.0
Mg13(Ti9Al20)3,0.0
Zr7Fe3,1.0
LaAl17Ni2,1.0
Si3Ni15C2,0.0
Ce6Cu79Ag15,1.0
Fe79(B2P5)3,1.0
Al59Ni10Ge31,1.0
Hf77V8Si15,1.0
Y3Cu2,1.0
Ti4Ni21,0.0
La2Mg3Cu5,1.0
Zr5(CrFe14)3,1.0
Zr5Cu3Ni2,1.0
Ti5SiNi4,1.0
Al22Cr3,0.0
Cr3Fe37P10,1.0
CuNi7P2,1.0
La30Al53Ni17,1.0
Al47Co2Ni,0.0
Fe75.3Si9.7B15,1.0
Ce3Al16Cr,0.0
Ti22Al53Ni25,1.0
Zr11(Cu2Ni)3,1.0
Al17CoNi2,0.0
Zr8VCo41,1.0
CeMg18Ni,0.0
Ti3Si3Ni4,0.0
Ba2La71Cu27,1.0
Zr2(TiSi5)3,1.0
Zr5(FeNi4)9,1.0
CaMg7Al2,1.0
Fe74.9Si7.3B17.8,1.0
Y12Mg5Cu8,1.0
Sr1.5La61.5Cu37,1.0
Al44Fe5Si,0.0
Ti52.5Nb30Si17.5,1.0
La5Al4Ni,1.0
Al89Co3Ni8,0.0
Si3(Ni10B)2,0.0
NdAl17Ni2,1.0
Zr66.95Cr33Ni0.05,1.0
Ti9Si2Ni9,0.0
Hf7Ni3,1.0
Zr2Ti3Ni5,1.0
Ce3Cu62Ag35,0.0
V15Fe71B14,1.0
Ce6Mn5Al89,0.0
Nd3Fe7,1.0
Zr3Al38Ni9,1.0
Zr17Al65Ni18,1.0
Zr24.5V25Ni50.5,1.0
Zr4Ni,1.0
Hf82(VSi5)3,1.0
Fe15B2Mo3,1.0
Cr5Fe83B12,1.0
Ni8BC,0.0
La12Al3Cu5,1.0
Fe61Ni20B19,1.0
Al6Fe37B7,1.0
Yb9Cu41,1.0
Zr7Al2Ni,1.0
Fe15Cu22Ag13,0.0
Fe7Ni7B6,1.0
Zr32.3Nb25Cu42.7,1.0
Mn(Al11Co)2,0.0
Al22Fe2Ni,0.0
Co37Mo4C9,0.0
Ni41B8C,1.0
Nb15Fe2Co83,1.0
Cr2(Fe5C)3,0.0
Ti14(BeSi)3,0.0
ZrVNi2,1.0
Si16.5Ni11.7Pd71.8,1.0
Ta40Ni59Ru,1.0
Fe7Si2B,1.0
Ti22(Al3Ni)7,1.0
Zr3Cu2Ni5,1.0
YAl9,1.0
Ti17Al33,1.0
Ni30B11C9,1.0
Fe3Ni13P4,1.0
MnAl43Co6,0.0
Ti8Al17,1.0
Y5Mg89Mn6,1.0
Nb15Fe6Co79,1.0
Zr17Al2Ni,0.0
Si16.5Pd68.5Au15,1.0
Al71Co4Si25,1.0
Ce2Al95Co3,0.0
Zr(AlNi)2,0.0
Fe44Ni5B,0.0
Ti9Al9Ni7,1.0
Hf77Nb8Si15,1.0
Zr13Al3Ni4,1.0
Zr15.4Co68.6Mo16,1.0
Mg4Zn,0.0
Nd5AlCu44,0.0
Fe82CoB17,1.0
CrNi3B,1.0
Ti13Ni7,1.0
Ti7Fe83B10,1.0
FeCo7B2,1.0
Nd3Mg12Ni5,1.0
La12Al5Ni3,1.0
Al8(Co9B5)3,1.0
GdAl17Ni2,1.0
Mg7AlZn2,1.0
Mg11Ti29Al60,1.0
CeMg18Cu,0.0
Fe39W6C5,0.0
Mn(Al2Ge)3,1.0
Ti3Cu7,1.0
Zr6.8V16Co77.2,1.0
Al6Ni37B7,0.0
Co16Si3C,0.0
La8AlCu,0.0
Al41Fe2Ni7,0.0
FeCo14B5,1.0
Fe8GeB,1.0
La5Al91Ni4,1.0
La12Al3Ni5,1.0
SmAl15Ni4,0.0
Ti7Ni2B,1.0
Zr3Nb13Si4,1.0
Al15Ni4Mo,1.0
Al8Fe29B13,1.0
Y3Mg5Cu2,1.0
Y3Mg5Ni2,1.0
Si16.5Pd77.5Au6,1.0
Al18FeCu,1.0
Fe78Si7B15,1.0
Zr40Fe7Cu53,1.0
Fe39SiB10,1.0
Y3Al15Ni2,1.0
Ti9Al5Ni6,1.0
Mg77Ti23,0.0
Ni34B13C3,1.0
Zr14.8V16Co69.2,1.0
Nd3Mg17,0.0
Zr10Al0.036Fe89.964,1.0
Ca2Al17Cu,1.0
Cu84.5Ag7P8.5,0.0
Ti6Nb11Si3,1.0
Mg17Cu3,0.0
Zr9.5Co85.5W5,1.0
Cr3Fe13B4,1.0
Mn1Al86.5Ni12.5,1.0
Cr9Fe38B3,0.0
Nd(AlCu7)3,0.0
Zr35Al13Ni2,1.0
Si18Ni8.2Pd73.8,1.0
SiNi17B7,1.0
Y7.5Mg90.5Mn2,0.0
Ce3Al13Fe4,0.0
Zr22.5Cu75B2.5,0.0
SiNi19B5,1.0
Al23Ni2,0.0
Fe83Ni5B12,0.0
LaAl2Ni7,0.0
Zr92.5Be7.5,0.0
La2AlNi,1.0
Mn3Al41Ni6,0.0
Zr14Al13Ni23,1.0
Zr10.5Co79.5Mo10,1.0
Ti21Al22Ni7,1.0
Co16Mo5C4,1.0
Nd50Fe31.5B18.5,1.0
Co81.5B18.5,1.0
Ti13(Al15Ni14)3,1.0
P19Ir40Pd41,1.0
Al83Cr17,0.0
Cr3Co13B4,1.0
Sr3.5La59.5Cu37,1.0
NdAl41Ni8,1.0
La3Al14Ni3,0.0
Ti3Cu2Ni5,0.0
TiAl2Ni,1.0
Ti7Fe82B11,1.0
Hf3Ni7,1.0
Zr5(TiSi4)3,1.0
Zr9Co82.4Mo8.6,1.0
Fe79(BP6)3,1.0
Ce2(AlCu15)3,0.0
Ti5(AlCu4)3,1.0
Mg7(Ti18Al13)3,1.0
Mn(Al8Ni)11,1.0
Fe83Ni15B2,0.0
Fe43Ni5B2,0.0
Ti2Al2Cu,0.0
Ti15Nb27Si8,1.0
Ni23B27,0.0
Al75Fe14Ni11,1.0
Zr10Fe89.946Si0.054,1.0
Mn5(Co3B2)4,1.0
Fe63Ni25B12,0.0
Si16.5Pd62.6Au20.9,0.0
Si3Ni14C3,0.0
Cr8(Fe13B)3,0.0
Ti5Al4Cu,0.0
Fe16W4C5,0.0
NdMg18Ni,0.0
Cr2.5Fe77.5B20,1.0
Fe31Cu10B9,0.0
Zr5Ti4Si11,1.0
Zr11Cu14,1.0
ZrTiSi3,1.0
Nb15Si4Mo,1.0
Hf81V4Si15,1.0
Zr83Ti12Si5,1.0
Zr2Al3Ni5,0.0
Nb15Fe26Co59,1.0
La2(Mg5Ni)3,1.0
B12Mo23Ru15,1.0
Mg7Al4Ag9,1.0
Nd14Fe82.2B4.8,1.0
Mg46Ti35Al19,0.0
Fe13Ni2B5,1.0
BMo4,0.0
Zr29Al33Ni38,1.0
Ti15Al19Ni16,1.0
Zr2AlCo17,1.0
Mn25Co47B28,1.0
Ni81.5B5.5P13,1.0
Al10Ni27B13,1.0
Zr12Cu5Ni3,1.0
Ti7Nb2Si,0.0
NdAl49,0.0
Co33Mo8C9,1.0
Zr66.9Ti0.1Ni33,1.0
Zr23Al17Ni10,1.0
Al4Fe37B9,1.0
Tb5Fe77B18,1.0
Al85(Ni4Mo)3,1.0
Zr7Nb10Ge3,1.0
Si4BMo15,0.0
Zr56.95Cu15Ni28.05,1.0
Fe79B20W,1.0
Fe70(Si3B7)3,1.0
Sm2(Al5Ni)3,1.0
Ti22Al43Ni35,1.0
Ti11SiNi8,1.0
Fe85CuB14,0.0
Sr17La47Cu36,1.0
Mg15Ti49Al36,0.0
Fe37Si5B8,1.0
Fe59.5Ni20B20.5,1.0
Mn23Co57B20,1.0
Ti7Cu2Ni,1.0
Zr2VCo22,1.0
Zr83Al11Ni6,1.0
Hf53V32Si15,1.0
Ni25B23C2,0.0
NdFe,1.0
Ca2.5Al87.5Ni10,0.0
Zr10Cu7Ni3,1.0
Ti26Al57Ni17,1.0
Co16(B2C)3,1.0
Co7(Ni25P6)3,1.0
Mg3Al17,0.0
Cu8Si16.2Pd75.8,1.0
La2Mg13Ni5,1.0
Y4Mg15Cu,0.0
Mn7Co13B5,1.0
Mg11Ti25Al14,1.0
Cu7Si16.5Pd76.5,1.0
Ta6Ti11Si3,1.0
Ca3MgGa,1.0
Fe13Si3B4,1.0
Nd3Mg13Cu4,1.0
Al11V2Ge7,1.0
Zr60.3Ti10Ni29.7,1.0
Nd21Fe21B8,1.0
Cr5Ni3P2,1.0
Ni63P20Pd17,1.0
Cr2(Fe5B)3,1.0
Si20Ni67.5C12.5,1.0
Fe33B7Mo10,1.0
Zr13(Ti4Si25)3,1.0
Ti23(Al9Ni2)7,1.0
Fe95NiB4,0.0
Mg11Ti14Al25,0.0
Zr5Al88Ni7,1.0
Pr67.5B10Au22.5,1.0
Al91Fe2Ni7,0.0
La7Al2Ni,1.0
SmAl9,1.0
Zr4Al31Ni15,1.0
Nd4Mg11Cu5,1.0
Ni18P5Pt2,0.0
Mn17.5Co70.5B12,1.0
Mg15Al3Zn2,0.0
Nd3Mg15Cu2,1.0
TiFe19B5,1.0
YMg89Cu10,0.0
Si7.5Ni70B22.5,1.0
Cr15Fe79B6,0.0
Ti11Ni9,1.0
Y3Mg6Cu,0.0
Al44CoNi5,0.0
Ce2Mn5Al93,0.0
Ce3Cu32Ag15,1.0
Si2BMo7,1.0
La87Al13,1.0
Zr11(Ti2Si)3,1.0
Al72Fe13Ni15,0.0
Nd2MgCu2,0.0
Si17.5Ni67.5C15,1.0
Si7Ni76B17,1.0
Ca11Al89,1.0
Ni26B17C7,1.0
Hf25Zr32Be43,1.0
Fe86.5Cu0.5B13,1.0
Al12CrSi7,0.0
Ni71B15P14,1.0
Ti8FeCu11,1.0
MnAl12Si7,0.0
Fe16GeB3,1.0
Ti6Be3Si,0.0
Zr8(AlNi3)3,1.0
Fe4P,1.0
Gd7(Al29Ni2)3,1.0
Ni29Mo16C5,0.0
Fe10Si16.5Pd73.5,1.0
Mn2Nb15Co83,1.0
Al42Fe3Ni5,0.0
Ca9La57.5Cu33.5,1.0
Zr10Cu9B,1.0
Ti28.8Nb33Cu38.2,1.0
La16Al3Ni31,1.0
Ce4Cu43Ag3,0.0
La7.5Nb7.5Al85,1.0
FeNi,1.0
Fe74.5Si10.5B15,1.0
Mn10Al73Ge17,1.0
Mg22(Al3Pd)7,0.0
Zr10Fe89.964Si0.036,1.0
Zr11Al4Cu5,1.0
Fe32W7C11,1.0
Gd5.5Al89Fe5.5,1.0
Al82(Fe5Ni)3,1.0
Hf3Cu4Ni3,1.0
Ta40Ni59Ir,1.0
Mn3Fe83B14,1.0
Zr2Al5Ni3,0.0
Zr66.85Co33Ni0.15,1.0
Co8WC,0.0
Nb15Fe3.5Co81.5,1.0
Nb7(Fe28B3)3,1.0
Fe65Si17.5C17.5,1.0
Hf21Nb22Cu57,1.0
Fe6Co77B17,1.0
Cr5(Fe9C)2,0.0
Fe79(B2C)7,1.0
Fe83B17,1.0
Fe82SiB17,1.0
Ni33B14C3,1.0
Fe19Ni19B12,1.0
Al71Fe15Cu14,1.0
Ce3Cu52Ag45,1.0
Hf13Cu4Ni3,1.0
Cr21Co18C11,1.0
Y(MgNi)2,0.0
Si3Ni38B9,1.0
Mg33Al67,0.0
La3Al2,1.0
Zr9Al59Ni32,1.0
Cr85(Fe2B3)3,1.0
Zr8Co41Mo,1.0
YMg16Cu3,1.0
Ti62.5Be37.5,1.0
Fe23Cu27,0.0
Cu85(Ag3P2)3,0.0
Zr53Nb30Si17,1.0
Co77.5W15C7.5,0.0
Mn9Co11B5,1.0
SiNi16C3,0.0
Gd5(Al14Ni)3,1.0
Co21(BC)2,0.0
Ni24B21C5,1.0
Fe42B33N25,1.0
Fe64Co19B17,1.0
Ni4P5Pt16,1.0
Fe61B39,1.0
Fe3Co37B10,1.0
Ni35B11C4,0.0
Al91(FeNi2)3,0.0
Fe73.5B20W6.5,1.0
ZrNi,1.0
La2AlCu7,0.0
NdMg13Ni6,1.0
Mn9Co75B16,1.0
Mn6Nb15Co79,1.0
Mn13.6Co54.4B32,1.0
Mn(Fe29B4)3,0.0
Zr2Ti3Cu5,1.0
Nb8.3Fe78.5B13.2,1.0
Zr2Co17Ni,1.0
Fe82.5P12.5C5,0.0
YAl7Ni2,1.0
Cr17(Co2C)11,1.0
Co12B9C4,0.0
Ni31Mo69,1.0
Ti10Nb7Si3,1.0
Fe45Cu31Ag24,0.0
Tb1.3Fe79B19.7,1.0
Al2Co41B7,0.0
Mn8Nb15Co77,1.0
La7Al10Ni3,1.0
Zr2AlNi17,1.0
Cr40Fe47C13,0.0
Mn5Co13B7,1.0
Co17Si3,0.0
Hf64(Nb7Si5)3,1.0
La5Mg2Ni3,0.0
Co12B8C5,0.0
Cr19Co22C9,1.0
Zr2Al89Ni9,1.0
Nd3Al45Ni2,1.0
Cr9(Co3C)4,0.0
Co6.7Si16.5Pd76.8,1.0
Mn0.5Al87.5Ni12,1.0
Fe61Ni25B14,1.0
Hf2CuNi2,1.0
Al8(Ni9B5)3,1.0
Ti3CuNi,1.0
Hf17Si3,1.0
Ta2Ni17P,1.0
Fe20B2P3,1.0
Ti14SiNi5,1.0
Cr6Fe16B3,1.0
Zr66.9Cu33Ni0.1,1.0
Zr63.65Cu5Ni31.35,1.0
Al13V3Cu4,1.0
Mg20Ti43Al37,0.0
Zr67Co33,1.0
Mn29Co43B28,1.0
TiNi,0.0
Fe37Ni10B3,0.0
Fe19B6,1.0
Fe18Ni5B2,0.0
Mg89Al8Ga3,0.0
Fe8Co75B17,1.0
Mn67Co17B16,1.0
Zr9Al9Ni7,1.0
Nd3Al22,1.0
Al9Co,0.0
Mg11(Al8Pd5)3,0.0
Fe37Mo4C9,1.0
Ti14(VSi)3,1.0
Fe37Ni37B26,1.0
Mn13Co31B6,1.0
Co3Si,0.0
Cr73Fe10P17,1.0
Hf2Cu3Ni5,1.0
Ni25B21C4,1.0
Zr33Al35Ni32,1.0
Hf49(Nb12Si5)3,1.0
Fe20Cu49Ag31,0.0
B5(Mo3Rh7)2,1.0
Y3Mg15Cu2,1.0
Zr37.5Cu60B2.5,1.0
La9Cu36.4Au54.6,1.0
Fe33B12N5,1.0
Zr2AlNi7,0.0
Cr2Co18B5,1.0
Nd2Mg7Cu,1.0
Fe91Ni5B4,0.0
Cu14Si15.1Pd70.9,1.0
Fe83B14P3,1.0
Ni2P5Pd18,1.0
Mn2Al20Ni3,0.0
LaAl17Ni7,1.0
Ti3Si2Ni5,0.0
Mn13.5Co54.5B32,1.0
Al89Fe9Ni2,0.0
Co31Mo8C11,1.0
CeMn5Al44,0.0
Ni34B11C5,1.0
Al4Ni35B11,1.0
Zr8Fe89.5B2.5,1.0
Hf34.2Zr41.8Fe24,1.0
Ce3Cu47Ag50,1.0
Fe69Ni15B16,1.0
Ni41.5P17Pd41.5,1.0
Zr67Fe16.5Ni16.5,1.0
La9Al23Ni18,1.0
Mg9Ti28Al13,1.0
Al11V2Cu7,1.0
Cr13Fe30B7,1.0
Si16.5Ni10Pd73.5,1.0
HfCu5Ni4,0.0
Al22Fe2Co,0.0
Zr14Cu5B,1.0
Al13VGe6,0.0
Cu13Ag12,0.0
Ce5Al91Ni4,1.0
Ti11(SiNi2)3,1.0
Cr6Fe11B3,1.0
Si16.5Ag8.5Pd75,1.0
Al6(Fe3B)11,1.0
ZrNb15Si4,1.0
Fe75Si17.5B7.5,1.0
Ce5(AlCu14)3,1.0
Nd5Mg11Ni4,1.0
Tb30.8Fe61.7Si7.5,1.0
Cr25Fe57.5B17.5,1.0
Mn74Si23P3,1.0
Zr2Co17Si,1.0
Nd4Al5Cu41,1.0
Cu5.9Si17.5Pd76.6,1.0
Hf67(Nb6Si5)3,1.0
Mn4Al83Ni13,0.0
Nb5Ni78B17,1.0
NdAl5Cu44,0.0
Si16.5Ni26.7Pd56.8,1.0
Mn15(Fe4P)17,1.0
Ti7Cu3,0.0
Mn15.2Co60.8B24,1.0
Hf69Nb16Si15,1.0
Mg7(Ti12Al19)3,1.0
Zr5Fe73B22,1.0
Y4Al15Ni,0.0
Al16VCu3,1.0
Fe81B14P5,1.0
Fe54.5Ni18.5B27,1.0
LaAl9,1.0
Nb7.1Fe83.4B9.5,0.0
Fe80P13C7,1.0
Mn28.8Co43.2B28,1.0
Si2.5Ni77.5B20,0.0
Fe39B5F6,1.0
Sr2.5La60.5Cu37,1.0
Zr11Be9,1.0
Zr66.9Fe33Ni0.1,1.0
Zr83Ge17,1.0
Ti4Si5Ni16,1.0
Ce4(Cu17Ag15)3,1.0
Hf13.7Fe50.2O36.1,1.0
Zr62.5Cu30B7.5,1.0
Zr12.5Co80.5W7,1.0
Co75W12.5C12.5,0.0
Ce(Cu7Ag5)2,1.0
Nd3Mg14Cu3,1.0
Zr15.2V12Co72.8,1.0
Cr5Fe19B,0.0
La4Mg7Ni9,1.0
Zr5Co37B8,1.0
Fe21Ni59B20,1.0
Nd14Fe78.2B7.8,1.0
Ni30B17C3,1.0
Zr5(TiSi14)3,0.0
Al57Fe27Ni16,0.0
La12Mg5Ni8,1.0
Mn31Co41B28,1.0
FeNi14B5,1.0
La7Mg10Ni3,1.0
Fe79Cu5B16,0.0
Nd5Mg8Ni7,1.0
Zr7.5V6Co86.5,1.0
TiAlCu2,1.0
Ni15Mo7C3,0.0
Mg9Ti44Al47,1.0
Fe71B14Mo15,1.0
Cr72.5Ni13.5P14,0.0
YMg4Ag5,0.0
Y4Al13Ni3,0.0
Zr9Cu8Ni3,1.0
Hf11(Zr2Si)3,1.0
Mn63Co21B16,1.0
Co20.9Si16.5Pd62.6,0.0
Cu12.5Si16.5Pd71,1.0
Sr5La58Cu37,1.0
Fe3Ag7,0.0
Fe24Ni59B17,1.0
Co14B7C4,1.0
Al84Fe3Ni13,0.0
Al2Co5B3,1.0
Al69Fe6Ge25,1.0
Fe33Ni50B17,1.0
Co67.5W17.5C15,0.0
Al87Fe2Ni11,1.0
Zr7Al3Ni10,1.0
CeAlCu8,0.0
Zr7(V6Co25)3,1.0
La83Al3Ni14,1.0
Sm2Al7Ni,1.0
Y15Mg84Cu,1.0
Fe12.3Ni64.7B23,1.0
Mg3Ti7Al15,1.0
Zr13Fe85B2,1.0
Fe80.5P13C6.5,1.0
La6(AlNi)7,1.0
TiCu9,0.0
Zr13(Al2Ni)4,1.0
La3Mg15Ni2,1.0
Nd5MgNi4,1.0
Al14(FeNi)3,1.0
Al15V3Cu2,0.0
CeMg8Cu,1.0
Zr66.85Fe33Ni0.15,1.0
Ti12Be7Si,1.0
CeMg15Ni4,1.0
La62.5Cu37.5,1.0
TiSi4,1.0
Hf23Nb20Cu57,1.0
La34Al53Ni13,1.0
ZrAlNi3,0.0
Ti7AlCu2,0.0
Ni81.5B11.1P7.4,1.0
Ti5(Nb4Si)3,1.0
Co20B3C2,0.0
GdAl8Ni,1.0
MnFe83B16,1.0
Hf68Nb17Si15,1.0
Zr5Co83Mo12,1.0
Cr7Si20Pd73,1.0
Zr6(AlNi)7,1.0
Nb20Si3C2,1.0
Cr3Si20Pd77,1.0
Ti2Co37B11,1.0
Y3Mg12Cu5,1.0
Al9V3Ge8,0.0
Ni33Mo12C5,0.0
LaMg13Cu6,1.0
Mn21.6Co50.4B28,1.0
Zr66.9Cr33Ni0.1,1.0
Co9Ni69.5P21.5,0.0
Ti4Co35B11,1.0
Ti42Al23Ni35,1.0
Zr5Fe82B13,1.0
Fe13Si20Pd67,1.0
HoFe41B8,1.0
Si4BPd20,1.0
Ni12P5Pt8,1.0
Ti2CuNi7,0.0
Y4Mg5Ag,0.0
Fe20WC4,0.0
Mg18Al25Pd7,0.0
Nd5(Mg4Ni)3,1.0
Fe83B12C5,1.0
Ti37Ni63,1.0
Mg17Zn3,0.0
Y11Al5Ni4,1.0
Ti3.5Al95.8Ni0.7,0.0
Al10Co31B9,0.0
Ce4Mg15Cu,0.0
Fe80Co3B17,1.0
Nd2Al5Cu43,0.0
Zr4CuNi5,1.0
Mn2Al23,0.0
Ti4Al,0.0
Nb15Si2Ge3,1.0
Zr4Co45Mo,1.0
Cr10Fe13C2,0.0
Ti17CuNi2,0.0
Hf3Cu2Ni5,1.0
Fe19.5Ni58.5B22,1.0
Zr5(FeCo4)9,1.0
Fe79(BP2)7,1.0
TiNi7P2,1.0
Fe83B6P11,1.0
Zr53.6Ti20Ni26.4,1.0
Zr57.5Cu40B2.5,1.0
Mn7Al33Si10,1.0
Cr23Ni34Mo43,1.0
Fe17NiB2,1.0
Ni68.5B17W14.5,1.0
Zr3Cu3Ni4,1.0
Mn26.4Co61.6B12,1.0
Zr19Cu31,1.0
Al47CoNi2,0.0
Zr50.25Mn25Ni24.75,1.0
Al13Ni6Mo,1.0
Ce18Al67Fe15,0.0
Cr7.5Co67.5B25,1.0
Ti3Be2,1.0
Zr7Be2Nb,0.0
Zr3Fe90B7,0.0
Hf57V28Si15,1.0
Al57V18Ge25,1.0
Cr15Ni66P19,1.0
Hf67(Ni9P2)3,1.0
Ti8Co31B11,1.0
Fe80B11P9,1.0
Al87Fe5Ni8,0.0
Fe4Ag21,0.0
Si5Ni38B7,1.0
Zr27Cu23,0.0
Zr3Fe39B8,1.0
Fe34W7C9,0.0
Si16.5Ni58.5Pd25,0.0
Al45Fe4Co,0.0
Co20B2C3,0.0
CrNi3P,1.0
Ti2SiNi2,1.0
Si7GePd42,1.0
Fe77.5P10C12.5,1.0
Y3Mg15Ni2,1.0
Nb7Fe83B10,1.0
Co36W5C9,0.0
Fe72.5P12.5C15,1.0
Fe91B7F2,0.0
Al73Fe13Cu14,0.0
Mn2Al85Ni13,0.0
Nd7.5Mg92.5,0.0
La9Al9Ni2,1.0
La26Al57Ni17,1.0
Fe6Cu19,0.0
Mn3Al10Si7,1.0
Nd2Al3Cu20,1.0
Y2Mg17Cu,1.0
La4MgNi5,0.0
Nd3Al7Cu40,0.0
La3Al6Ni11,0.0
Fe51Cu38Ag11,0.0
Ti3NiP,1.0
Cu80.5Ag10.5P9,0.0
Al42FeNi7,0.0
Zr7Ti10Si3,1.0
Zr18Ti35Cu47,1.0
Mg15Al2Ag3,1.0
Zr16.5Cr16Co67.5,1.0
Fe80Si2.5B17.5,1.0
Mn35(Co3B2)3,1.0
Fe83Si4B13,1.0
Nd6MgNi3,1.0
Ti13Al87,0.0
Ti13Al7,0.0
Al,0.0
GdZr5Fe44,1.0
Cu6Si16.5Pd77.5,1.0
Ti18Ni7,1.0
Ti9Al5Cu6,0.0
MnFe19B5,1.0
Al88Co5Ni7,1.0
Ti3Al5Cu2,0.0
Y5Mg43Mn2,1.0
Fe73Ni25B2,0.0
Nd3Fe41B6,1.0
SiNi17C2,0.0
Co12.5Si16.5Pd71,1.0
Fe36Cu13Ag51,0.0
Zr66.8Fe33Ni0.2,1.0
Fe72.5Si17.5B10,1.0
